<?xml version="1.0" encoding="utf-8"?>
<plugin>
	<name>prikol i ua Тестовый парсер к FXML CMS</name>
	<author>ForkPlayer! Project</author>
	<creationDate>Apr 2020</creationDate>
	<copyright>Copyright (C) 2020 Open Source</copyright>
	<license>GNU General Public License version 2 or later</license>
	<authorEmail>alexkdpu@ya.ru</authorEmail>
	<authorUrl>xml.forkplayer.tv</authorUrl>
	<version>1.0.0</version>
	<icon>testparser.png</icon>
	<requiredXmlCms>1.0.0</requiredXmlCms>	
	<description>Тестовый парсер сайта с шифрованием ссылок на стримы</description>
	<settings> 
		<allowread>0</allowread>
		<allowwrite>2,3,4,5,6,7,8,9,10</allowwrite>
		<allowupload>4,5,9,10</allowupload>
		<allowdelete>9,10</allowdelete>
		<showonmain>1</showonmain>
		<showonmenu>1</showonmenu>
	</settings>
</plugin>